{
    "type": "minecraft:chest",
    "pools": [
        {
            "rolls": {
                "type": "minecraft:uniform",
                "min": 4,
                "max": 6
            },
            "entries": [
                {
                    "type": "minecraft:item",
                    "name": "minecraft:obsidian",
                    "weight": 70,
                    "functions": [
                        {
                            "function": "minecraft:set_count",
                            "count": {
                                "type": "minecraft:uniform",
                                "min": 0,
                                "max": 2
                            },
                            "add": true
                        }
                    ]
                },
                {
                    "type": "minecraft:item",
                    "name": "minecraft:flint",
                    "weight": 15,
                    "functions": [
                        {
                            "function": "minecraft:set_count",
                            "count": {
                                "type": "minecraft:uniform",
                                "min": 1,
                                "max": 4
                            },
                            "add": false
                        }
                    ]
                },
                {
                    "type": "minecraft:item",
                    "name": "minecraft:iron_nugget",
                    "weight": 27,
                    "functions": [
                        {
                            "function": "minecraft:set_count",
                            "count": {
                                "type": "minecraft:uniform",
                                "min": 9,
                                "max": 27
                            },
                            "add": false
                        }
                    ]
                },
                {
                    "type": "minecraft:item",
                    "name": "minecraft:flint_and_steel",
                    "weight": 22,
                    "functions": [
                        {
                            "function": "minecraft:enchant_randomly"
                        },
                        {
                            "function": "minecraft:set_damage",
                            "damage": {
                                "min": 0.1,
                                "max": 0.3
                            }
                        }
                    ]
                },
                {
                    "type": "minecraft:item",
                    "name": "minecraft:fire_charge",
                    "weight": 50,
                    "functions": [
                        {
                            "function": "minecraft:set_count",
                            "count": {
                                "min": 2,
                                "max": 5
                            },
                            "add": false
                        }
                    ]
                },
                {
                    "type": "minecraft:item",
                    "name": "minecraft:golden_apple",
                    "weight": 15
                },
                {
                    "type": "minecraft:item",
                    "name": "minecraft:gold_nugget",
                    "weight": 10,
                    "functions": [
                        {
                            "function": "minecraft:set_count",
                            "count": {
                                "type": "minecraft:uniform",
                                "min": 18,
                                "max": 40
                            },
                            "add": false
                        }
                    ]
                },
                {
                    "type": "minecraft:item",
                    "name": "minecraft:golden_sword",
                    "weight": 10,
                    "functions": [
                        {
                            "function": "minecraft:set_damage",
                            "damage": {
                                "min": 0.5,
                                "max": 0.9
                            },
                            "add": false
                        },
                        {
                            "function": "minecraft:enchant_randomly",
                            "options": "#minecraft:in_enchanting_table"
                        }
                    ]
                },
                {
                    "type": "minecraft:item",
                    "name": "minecraft:golden_axe",
                    "weight": 10,
                    "functions": [
                        {
                            "function": "minecraft:set_damage",
                            "damage": {
                                "min": 0.5,
                                "max": 0.9
                            },
                            "add": false
                        },
                        {
                            "function": "minecraft:enchant_randomly",
                            "options": "#minecraft:in_enchanting_table"
                        }
                    ]
                },
                {
                    "type": "minecraft:item",
                    "name": "minecraft:golden_hoe",
                    "weight": 10,
                    "functions": [
                        {
                            "function": "minecraft:set_damage",
                            "damage": {
                                "min": 0.5,
                                "max": 0.9
                            },
                            "add": false
                        },
                        {
                            "function": "minecraft:enchant_randomly",
                            "options": "#minecraft:in_enchanting_table"
                        }
                    ]
                },
                {
                    "type": "minecraft:item",
                    "name": "minecraft:golden_shovel",
                    "weight": 10,
                    "functions": [
                        {
                            "function": "minecraft:set_damage",
                            "damage": {
                                "min": 0.5,
                                "max": 0.9
                            },
                            "add": false
                        },
                        {
                            "function": "minecraft:enchant_randomly",
                            "options": "#minecraft:in_enchanting_table"
                        }
                    ]
                },
                {
                    "type": "minecraft:item",
                    "name": "minecraft:golden_pickaxe",
                    "weight": 10,
                    "functions": [
                        {
                            "function": "minecraft:set_damage",
                            "damage": {
                                "min": 0.5,
                                "max": 0.9
                            },
                            "add": false
                        },
                        {
                            "function": "minecraft:enchant_randomly",
                            "options": "#minecraft:in_enchanting_table"
                        }
                    ]
                },
                {
                    "type": "minecraft:item",
                    "name": "minecraft:golden_helmet",
                    "weight": 8,
                    "functions": [
                        {
                            "function": "minecraft:set_damage",
                            "damage": {
                                "min": 0.6,
                                "max": 0.9
                            },
                            "add": false
                        },
                        {
                            "function": "minecraft:set_count",
                            "count": 1,
                            "add": false
                        },
                        {
                            "function": "minecraft:enchant_randomly",
                            "options": "#minecraft:in_enchanting_table"
                        },
                        {
                            "function": "minecraft:set_components",
                            "components": {
                                "minecraft:trim": {
                                    "material": "minecraft:netherite",
                                    "pattern": "minecraft:snout"
                                }
                            }
                        }
                    ]
                },
                {
                    "type": "minecraft:item",
                    "name": "minecraft:golden_chestplate",
                    "weight": 8,
                    "functions": [
                        {
                            "function": "minecraft:set_damage",
                            "damage": {
                                "min": 0.6,
                                "max": 0.9
                            },
                            "add": false
                        },
                        {
                            "function": "minecraft:set_count",
                            "count": 1,
                            "add": false
                        },
                        {
                            "function": "minecraft:enchant_randomly",
                            "options": "#minecraft:in_enchanting_table"
                        },
                        {
                            "function": "minecraft:set_components",
                            "components": {
                                "minecraft:trim": {
                                    "material": "minecraft:netherite",
                                    "pattern": "minecraft:snout"
                                }
                            }
                        }
                    ]
                },
                {
                    "type": "minecraft:item",
                    "name": "minecraft:golden_leggings",
                    "weight": 8,
                    "functions": [
                        {
                            "function": "minecraft:set_damage",
                            "damage": {
                                "min": 0.6,
                                "max": 0.9
                            },
                            "add": false
                        },
                        {
                            "function": "minecraft:set_count",
                            "count": 1,
                            "add": false
                        },
                        {
                            "function": "minecraft:enchant_randomly",
                            "options": "#minecraft:in_enchanting_table"
                        },
                        {
                            "function": "minecraft:set_components",
                            "components": {
                                "minecraft:trim": {
                                    "material": "minecraft:netherite",
                                    "pattern": "minecraft:snout"
                                }
                            }
                        }
                    ]
                },
                {
                    "type": "minecraft:item",
                    "name": "minecraft:golden_boots",
                    "weight": 9,
                    "functions": [
                        {
                            "function": "minecraft:set_damage",
                            "damage": {
                                "min": 0.6,
                                "max": 0.9
                            },
                            "add": false
                        },
                        {
                            "function": "minecraft:enchant_randomly",
                            "options": "#minecraft:in_enchanting_table"
                        },
                        {
                            "function": "minecraft:set_count",
                            "count": 1,
                            "add": false
                        },
                        {
                            "function": "minecraft:set_components",
                            "components": {
                                "minecraft:trim": {
                                    "material": "minecraft:netherite",
                                    "pattern": "minecraft:snout"
                                }
                            }
                        }
                    ]
                },
                {
                    "type": "minecraft:item",
                    "name": "minecraft:glistering_melon_slice",
                    "weight": 5,
                    "functions": [
                        {
                            "function": "minecraft:set_count",
                            "count": {
                                "type": "minecraft:uniform",
                                "min": 6,
                                "max": 12
                            },
                            "add": false
                        }
                    ]
                },
                {
                    "type": "minecraft:item",
                    "name": "minecraft:golden_horse_armor",
                    "weight": 5
                },
                {
                    "type": "minecraft:item",
                    "name": "minecraft:light_weighted_pressure_plate",
                    "weight": 5
                },
                {
                    "type": "minecraft:item",
                    "name": "minecraft:golden_carrot",
                    "weight": 7,
                    "functions": [
                        {
                            "function": "minecraft:set_count",
                            "count": {
                                "type": "minecraft:uniform",
                                "min": 6,
                                "max": 12
                            },
                            "add": false
                        }
                    ]
                },
                {
                    "type": "minecraft:item",
                    "name": "minecraft:clock",
                    "weight": 5
                },
                {
                    "type": "minecraft:item",
                    "name": "minecraft:gold_ingot",
                    "weight": 7,
                    "functions": [
                        {
                            "function": "minecraft:set_count",
                            "count": {
                                "type": "minecraft:uniform",
                                "min": 4,
                                "max": 8
                            },
                            "add": false
                        }
                    ]
                },
                {
                    "type": "minecraft:item",
                    "name": "minecraft:bell"
                },
                {
                    "type": "minecraft:item",
                    "name": "minecraft:enchanted_golden_apple"
                },
                {
                    "type": "minecraft:item",
                    "name": "minecraft:gold_block",
                    "functions": [
                        {
                            "function": "minecraft:set_count",
                            "count": {
                                "type": "minecraft:uniform",
                                "min": 1,
                                "max": 2
                            },
                            "add": false
                        }
                    ]
                }
            ]
        }
    ],
    "random_sequence": "hopo:chests/portal/better_ruined_portal"
}