{
    "type": "minecraft:chest",
    "pools": [
        {
            "rolls": {
                "type": "minecraft:uniform",
                "min": 7,
                "max": 9
            },
            "bonus_rolls": 0,
            "entries": [
                {
                    "type": "minecraft:item",
                    "weight": 35,
                    "name": "minecraft:flowering_azalea",
                    "functions": [
                        {
                            "function": "minecraft:set_count",
                            "count": {
                                "min": 1,
                                "max": 3
                            },
                            "add": false
                        }
                    ]
                },
                {
                    "type": "minecraft:item",
                    "weight": 40,
                    "name": "minecraft:azalea",
                    "functions": [
                        {
                            "function": "minecraft:set_count",
                            "count": {
                                "min": 1,
                                "max": 4
                            },
                            "add": false
                        }
                    ]
                },
                {
                    "type": "minecraft:item",
                    "weight": 45,
                    "name": "minecraft:moss_block",
                    "functions": [
                        {
                            "function": "minecraft:set_count",
                            "count": {
                                "min": 1,
                                "max": 6
                            },
                            "add": false
                        }
                    ]
                },
                {
                    "type": "minecraft:item",
                    "weight": 60,
                    "name": "minecraft:glow_berries",
                    "functions": [
                        {
                            "function": "minecraft:set_count",
                            "count": {
                                "min": 2,
                                "max": 6
                            },
                            "add": false
                        }
                    ]
                },
                {
                    "type": "minecraft:item",
                    "weight": 100,
                    "name": "minecraft:obsidian",
                    "functions": [
                        {
                            "function": "minecraft:set_count",
                            "count": {
                                "type": "minecraft:uniform",
                                "min": 3,
                                "max": 5
                            },
                            "add": false
                        }
                    ]
                },
                {
                    "type": "minecraft:item",
                    "weight": 40,
                    "name": "minecraft:flint",
                    "functions": [
                        {
                            "function": "minecraft:set_count",
                            "count": {
                                "type": "minecraft:uniform",
                                "min": 1,
                                "max": 4
                            },
                            "add": false
                        }
                    ]
                },
                {
                    "type": "minecraft:item",
                    "weight": 40,
                    "name": "minecraft:iron_nugget",
                    "functions": [
                        {
                            "function": "minecraft:set_count",
                            "count": {
                                "type": "minecraft:uniform",
                                "min": 9,
                                "max": 18
                            },
                            "add": false
                        }
                    ]
                },
                {
                    "type": "minecraft:item",
                    "weight": 40,
                    "name": "minecraft:flint_and_steel"
                },
                {
                    "type": "minecraft:item",
                    "weight": 40,
                    "name": "minecraft:fire_charge"
                },
                {
                    "type": "minecraft:item",
                    "weight": 15,
                    "name": "minecraft:golden_apple"
                },
                {
                    "type": "minecraft:item",
                    "weight": 15,
                    "name": "minecraft:gold_nugget",
                    "functions": [
                        {
                            "function": "minecraft:set_count",
                            "count": {
                                "type": "minecraft:uniform",
                                "min": 8,
                                "max": 32
                            },
                            "add": false
                        }
                    ]
                },
                {
                    "type": "minecraft:item",
                    "weight": 15,
                    "name": "minecraft:golden_sword",
                    "functions": [
                        {
                            "function": "minecraft:enchant_randomly",
                            "options": "#minecraft:in_enchanting_table"
                        }
                    ]
                },
                {
                    "type": "minecraft:item",
                    "weight": 15,
                    "name": "minecraft:golden_axe",
                    "functions": [
                        {
                            "function": "minecraft:enchant_randomly",
                            "options": "#minecraft:in_enchanting_table"
                        }
                    ]
                },
                {
                    "type": "minecraft:item",
                    "weight": 15,
                    "name": "minecraft:golden_hoe",
                    "functions": [
                        {
                            "function": "minecraft:enchant_randomly",
                            "options": "#minecraft:in_enchanting_table"
                        }
                    ]
                },
                {
                    "type": "minecraft:item",
                    "weight": 15,
                    "name": "minecraft:golden_shovel",
                    "functions": [
                        {
                            "function": "minecraft:enchant_randomly",
                            "options": "#minecraft:in_enchanting_table"
                        }
                    ]
                },
                {
                    "type": "minecraft:item",
                    "weight": 15,
                    "name": "minecraft:golden_pickaxe",
                    "functions": [
                        {
                            "function": "minecraft:enchant_randomly",
                            "options": "#minecraft:in_enchanting_table"
                        }
                    ]
                },
                {
                    "type": "minecraft:item",
                    "weight": 15,
                    "name": "minecraft:golden_boots",
                    "functions": [
                        {
                            "function": "minecraft:enchant_randomly",
                            "options": "#minecraft:in_enchanting_table"
                        },
                        {
                            "function": "minecraft:set_damage",
                            "damage": {
                                "min": 0.7,
                                "max": 0.9
                            }
                        }
                    ]
                },
                {
                    "type": "minecraft:item",
                    "weight": 15,
                    "name": "minecraft:golden_chestplate",
                    "functions": [
                        {
                            "function": "minecraft:enchant_randomly",
                            "options": "#minecraft:in_enchanting_table"
                        },
                        {
                            "function": "minecraft:set_damage",
                            "damage": {
                                "min": 0.7,
                                "max": 0.9
                            }
                        }
                    ]
                },
                {
                    "type": "minecraft:item",
                    "weight": 15,
                    "name": "minecraft:golden_helmet",
                    "functions": [
                        {
                            "function": "minecraft:enchant_randomly",
                            "options": "#minecraft:in_enchanting_table"
                        },
                        {
                            "function": "minecraft:set_damage",
                            "damage": {
                                "min": 0.7,
                                "max": 0.91
                            }
                        }
                    ]
                },
                {
                    "type": "minecraft:item",
                    "weight": 15,
                    "name": "minecraft:golden_leggings",
                    "functions": [
                        {
                            "function": "minecraft:enchant_randomly",
                            "options": "#minecraft:in_enchanting_table"
                        },
                        {
                            "function": "minecraft:set_damage",
                            "damage": {
                                "min": 0.7,
                                "max": 0.9
                            }
                        }
                    ]
                },
                {
                    "type": "minecraft:item",
                    "weight": 5,
                    "name": "minecraft:glistering_melon_slice",
                    "functions": [
                        {
                            "function": "minecraft:set_count",
                            "count": {
                                "type": "minecraft:uniform",
                                "min": 4,
                                "max": 12
                            },
                            "add": false
                        }
                    ]
                },
                {
                    "type": "minecraft:item",
                    "weight": 5,
                    "name": "minecraft:golden_horse_armor"
                },
                {
                    "type": "minecraft:item",
                    "weight": 5,
                    "name": "minecraft:light_weighted_pressure_plate"
                },
                {
                    "type": "minecraft:item",
                    "weight": 5,
                    "name": "minecraft:golden_carrot",
                    "functions": [
                        {
                            "function": "minecraft:set_count",
                            "count": {
                                "type": "minecraft:uniform",
                                "min": 4,
                                "max": 12
                            },
                            "add": false
                        }
                    ]
                },
                {
                    "type": "minecraft:item",
                    "weight": 5,
                    "name": "minecraft:clock"
                },
                {
                    "type": "minecraft:item",
                    "weight": 5,
                    "name": "minecraft:gold_ingot",
                    "functions": [
                        {
                            "function": "minecraft:set_count",
                            "count": {
                                "type": "minecraft:uniform",
                                "min": 2,
                                "max": 8
                            },
                            "add": false
                        }
                    ]
                },
                {
                    "type": "minecraft:item",
                    "name": "minecraft:bell"
                },
                {
                    "type": "minecraft:item",
                    "name": "minecraft:enchanted_golden_apple"
                },
                {
                    "type": "minecraft:item",
                    "name": "minecraft:gold_block",
                    "functions": [
                        {
                            "function": "minecraft:set_count",
                            "count": {
                                "type": "minecraft:uniform",
                                "min": 1,
                                "max": 2
                            },
                            "add": false
                        }
                    ]
                }
            ]
        }
    ],
    "random_sequence": "hopo:chests/portal/lush_portal"
}