{
    "type": "minecraft:chest",
    "pools": [
        {
            "rolls": {
                "min": 4,
                "max": 8
            },
            "bonus_rolls": 0,
            "entries": [
                {
                    "type": "minecraft:item",
                    "name": "minecraft:gold_ingot",
                    "weight": 4,
                    "functions": [
                        {
                            "function": "minecraft:set_count",
                            "count": {
                                "min": 2,
                                "max": 6
                            }
                        }
                    ]
                },
                {
                    "type": "minecraft:item",
                    "name": "minecraft:raw_gold",
                    "weight": 5,
                    "functions": [
                        {
                            "function": "minecraft:set_count",
                            "count": {
                                "min": 3,
                                "max": 10
                            }
                        }
                    ]
                },
                {
                    "type": "minecraft:item",
                    "name": "minecraft:raw_gold_block",
                    "weight": 6,
                    "functions": []
                },
                {
                    "type": "minecraft:item",
                    "name": "minecraft:blaze_rod",
                    "weight": 10,
                    "functions": [
                        {
                            "function": "minecraft:set_count",
                            "count": {
                                "min": 0,
                                "max": 3
                            },
                            "add": false
                        }
                    ]
                },
                {
                    "type": "minecraft:item",
                    "name": "minecraft:diamond",
                    "weight": 7,
                    "functions": [
                        {
                            "function": "minecraft:set_count",
                            "count": {
                                "min": 2,
                                "max": 6
                            },
                            "add": false
                        }
                    ]
                },
                {
                    "type": "minecraft:item",
                    "name": "minecraft:snout_armor_trim_smithing_template",
                    "weight": 8,
                    "functions": [
                        {
                            "function": "minecraft:set_count",
                            "count": {
                                "min": 0,
                                "max": 1
                            },
                            "add": false
                        }
                    ]
                },
                {
                    "type": "minecraft:item",
                    "name": "minecraft:chain",
                    "weight": 7,
                    "functions": [
                        {
                            "function": "minecraft:set_count",
                            "count": {
                                "min": 5,
                                "max": 10
                            },
                            "add": false
                        }
                    ]
                },
                {
                    "type": "minecraft:item",
                    "name": "minecraft:golden_axe",
                    "weight": 4,
                    "functions": [
                        {
                            "function": "minecraft:enchant_with_levels",
                            "levels": 30
                        },
                        {
                            "function": "minecraft:set_damage",
                            "damage": {
                                "min": 0.7,
                                "max": 0.9
                            }
                        }
                    ]
                },
                {
                    "type": "minecraft:item",
                    "name": "minecraft:glowstone",
                    "weight": 7,
                    "functions": [
                        {
                            "function": "minecraft:set_count",
                            "count": {
                                "type": "minecraft:uniform",
                                "min": 3,
                                "max": 6
                            },
                            "add": false
                        }
                    ]
                },
                {
                    "type": "minecraft:item",
                    "name": "minecraft:arrow",
                    "weight": 5,
                    "functions": [
                        {
                            "function": "minecraft:set_count",
                            "count": {
                                "type": "minecraft:uniform",
                                "min": 5,
                                "max": 17
                            },
                            "add": false
                        }
                    ]
                },
                {
                    "type": "minecraft:item",
                    "name": "minecraft:porkchop",
                    "weight": 8,
                    "functions": [
                        {
                            "function": "minecraft:set_count",
                            "count": {
                                "type": "minecraft:uniform",
                                "min": 2,
                                "max": 5
                            },
                            "add": false
                        }
                    ]
                },
                {
                    "type": "minecraft:item",
                    "name": "minecraft:cooked_porkchop",
                    "weight": 8,
                    "functions": [
                        {
                            "function": "minecraft:set_count",
                            "count": {
                                "type": "minecraft:uniform",
                                "min": 2,
                                "max": 8
                            },
                            "add": false
                        }
                    ]
                },
                {
                    "type": "minecraft:item",
                    "name": "minecraft:crimson_fungus",
                    "weight": 5,
                    "functions": [
                        {
                            "function": "minecraft:set_count",
                            "count": {
                                "type": "minecraft:uniform",
                                "min": 2,
                                "max": 7
                            },
                            "add": false
                        }
                    ]
                },
                {
                    "type": "minecraft:item",
                    "name": "minecraft:spectral_arrow",
                    "weight": 7,
                    "functions": [
                        {
                            "function": "minecraft:set_count",
                            "count": {
                                "type": "minecraft:uniform",
                                "min": 10,
                                "max": 28
                            },
                            "add": false
                        }
                    ]
                },
                {
                    "type": "minecraft:item",
                    "name": "minecraft:gilded_blackstone",
                    "weight": 5,
                    "functions": [
                        {
                            "function": "minecraft:set_count",
                            "count": {
                                "type": "minecraft:uniform",
                                "min": 8,
                                "max": 12
                            },
                            "add": false
                        }
                    ]
                },
                {
                    "type": "minecraft:item",
                    "name": "minecraft:iron_ingot",
                    "weight": 5,
                    "functions": [
                        {
                            "function": "minecraft:set_count",
                            "count": {
                                "type": "minecraft:uniform",
                                "min": 4,
                                "max": 9
                            },
                            "add": false
                        }
                    ]
                },
                {
                    "type": "minecraft:item",
                    "name": "minecraft:golden_sword",
                    "weight": 4,
                    "functions": [
                        {
                            "function": "minecraft:enchant_randomly",
                            "options": "#minecraft:in_enchanting_table"
                        }
                    ]
                },
                {
                    "type": "minecraft:item",
                    "name": "minecraft:netherite_helmet",
                    "weight": 5,
                    "functions": [
                        {
                            "function": "minecraft:set_components",
                            "components": {
                                "minecraft:trim": {
                                    "material": "minecraft:quartz",
                                    "pattern": "minecraft:rib"
                                }
                            }
                        },
                        {
                            "function": "minecraft:set_damage",
                            "damage": {
                                "min": 0.1,
                                "max": 0.2
                            },
                            "add": false
                        },
                        {
                            "function": "minecraft:enchant_randomly",
                            "options": "#minecraft:exclusive_set/armor"
                        }
                    ]
                },
                {
                    "type": "minecraft:item",
                    "name": "minecraft:golden_chestplate",
                    "weight": 7,
                    "functions": [
                        {
                            "function": "minecraft:set_count",
                            "count": 1,
                            "add": false
                        },
                        {
                            "function": "minecraft:enchant_randomly",
                            "options": "#minecraft:exclusive_set/armor"
                        },
                        {
                            "function": "minecraft:set_components",
                            "components": {
                                "minecraft:trim": {
                                    "material": "minecraft:netherite",
                                    "pattern": "minecraft:snout"
                                }
                            }
                        },
                        {
                            "function": "minecraft:set_damage",
                            "damage": {
                                "min": 0.7,
                                "max": 0.9
                            }
                        }
                    ]
                },
                {
                    "type": "minecraft:item",
                    "name": "minecraft:golden_leggings",
                    "weight": 7,
                    "functions": [
                        {
                            "function": "minecraft:set_count",
                            "count": 1,
                            "add": false
                        },
                        {
                            "function": "minecraft:enchant_randomly",
                            "options": "#minecraft:exclusive_set/armor"
                        },
                        {
                            "function": "minecraft:set_components",
                            "components": {
                                "minecraft:trim": {
                                    "material": "minecraft:netherite",
                                    "pattern": "minecraft:snout"
                                }
                            }
                        },
                        {
                            "function": "minecraft:set_damage",
                            "damage": {
                                "min": 0.7,
                                "max": 0.9
                            }
                        }
                    ]
                },
                {
                    "type": "minecraft:item",
                    "name": "minecraft:book",
                    "weight": 5,
                    "functions": [
                        {
                            "function": "minecraft:enchant_randomly",
                            "options": [
                                "minecraft:looting",
                                "minecraft:soul_speed",
                                "minecraft:mending",
                                "minecraft:fire_aspect",
                                "minecraft:fire_protection",
                                "minecraft:multishot",
                                "minecraft:piercing",
                                "minecraft:binding_curse"
                            ]
                        }
                    ]
                },
                {
                    "type": "minecraft:item",
                    "name": "minecraft:iron_boots",
                    "weight": 8,
                    "functions": [
                        {
                            "function": "minecraft:enchant_randomly",
                            "options": [
                                "minecraft:soul_speed",
                                "minecraft:feather_falling"
                            ]
                        }
                    ]
                },
                {
                    "type": "minecraft:item",
                    "name": "minecraft:potion",
                    "weight": 4,
                    "functions": [
                        {
                            "function": "minecraft:set_potion",
                            "id": "minecraft:fire_resistance"
                        }
                    ]
                },
                {
                    "type": "minecraft:item",
                    "name": "minecraft:splash_potion",
                    "weight": 4,
                    "functions": [
                        {
                            "function": "minecraft:set_potion",
                            "id": "minecraft:fire_resistance"
                        }
                    ]
                },
                {
                    "type": "minecraft:item",
                    "name": "minecraft:potion",
                    "weight": 12,
                    "functions": [
                        {
                            "function": "minecraft:set_potion",
                            "id": "minecraft:water"
                        }
                    ]
                },
                {
                    "type": "minecraft:item",
                    "name": "minecraft:iron_nugget",
                    "weight": 12,
                    "functions": [
                        {
                            "function": "minecraft:set_count",
                            "count": {
                                "type": "minecraft:uniform",
                                "min": 10,
                                "max": 36
                            },
                            "add": false
                        }
                    ]
                },
                {
                    "type": "minecraft:item",
                    "name": "minecraft:ender_pearl",
                    "weight": 12,
                    "functions": [
                        {
                            "function": "minecraft:set_count",
                            "count": {
                                "type": "minecraft:uniform",
                                "min": 1,
                                "max": 3
                            },
                            "add": false
                        }
                    ]
                },
                {
                    "type": "minecraft:item",
                    "name": "minecraft:string",
                    "weight": 20,
                    "functions": [
                        {
                            "function": "minecraft:set_count",
                            "count": {
                                "type": "minecraft:uniform",
                                "min": 3,
                                "max": 9
                            },
                            "add": false
                        }
                    ]
                },
                {
                    "type": "minecraft:item",
                    "name": "minecraft:quartz",
                    "weight": 10,
                    "functions": [
                        {
                            "function": "minecraft:set_count",
                            "count": {
                                "type": "minecraft:uniform",
                                "min": 10,
                                "max": 17
                            },
                            "add": false
                        }
                    ]
                },
                {
                    "type": "minecraft:item",
                    "name": "minecraft:obsidian",
                    "weight": 20
                },
                {
                    "type": "minecraft:item",
                    "name": "minecraft:crying_obsidian",
                    "weight": 20,
                    "functions": [
                        {
                            "function": "minecraft:set_count",
                            "count": {
                                "type": "minecraft:uniform",
                                "min": 1,
                                "max": 3
                            },
                            "add": false
                        }
                    ]
                },
                {
                    "type": "minecraft:item",
                    "name": "minecraft:leather",
                    "weight": 15,
                    "functions": [
                        {
                            "function": "minecraft:set_count",
                            "count": {
                                "type": "minecraft:uniform",
                                "min": 2,
                                "max": 4
                            },
                            "add": false
                        }
                    ]
                },
                {
                    "type": "minecraft:item",
                    "name": "minecraft:soul_sand",
                    "weight": 4,
                    "functions": [
                        {
                            "function": "minecraft:set_count",
                            "count": {
                                "type": "minecraft:uniform",
                                "min": 2,
                                "max": 8
                            },
                            "add": false
                        }
                    ]
                },
                {
                    "type": "minecraft:item",
                    "name": "minecraft:nether_brick",
                    "weight": 20,
                    "functions": [
                        {
                            "function": "minecraft:set_count",
                            "count": {
                                "type": "minecraft:uniform",
                                "min": 3,
                                "max": 12
                            },
                            "add": false
                        }
                    ]
                },
                {
                    "type": "minecraft:item",
                    "name": "minecraft:gravel",
                    "weight": 4,
                    "functions": [
                        {
                            "function": "minecraft:set_count",
                            "count": {
                                "type": "minecraft:uniform",
                                "min": 8,
                                "max": 16
                            },
                            "add": false
                        }
                    ]
                },
                {
                    "type": "minecraft:item",
                    "name": "minecraft:blackstone",
                    "weight": 10,
                    "functions": [
                        {
                            "function": "minecraft:set_count",
                            "count": {
                                "type": "minecraft:uniform",
                                "min": 4,
                                "max": 12
                            },
                            "add": false
                        }
                    ]
                },
                {
                    "type": "minecraft:item",
                    "name": "minecraft:golden_pickaxe",
                    "weight": 4,
                    "functions": [
                        {
                            "function": "minecraft:enchant_with_levels",
                            "levels": 30
                        },
                        {
                            "function": "minecraft:set_damage",
                            "damage": {
                                "min": 0.7,
                                "max": 0.9
                            }
                        }
                    ]
                },
                {
                    "type": "minecraft:item",
                    "name": "minecraft:golden_shovel",
                    "weight": 4,
                    "functions": [
                        {
                            "function": "minecraft:enchant_with_levels",
                            "levels": 30
                        },
                        {
                            "function": "minecraft:set_damage",
                            "damage": {
                                "min": 0.7,
                                "max": 0.9
                            }
                        }
                    ]
                },
                {
                    "type": "minecraft:item",
                    "name": "minecraft:crossbow",
                    "weight": 5,
                    "functions": [
                        {
                            "function": "minecraft:enchant_with_levels",
                            "levels": 30
                        },
                        {
                            "function": "minecraft:set_damage",
                            "damage": {
                                "type": "minecraft:uniform",
                                "min": 0.1,
                                "max": 0.9
                            },
                            "add": false
                        }
                    ]
                },
                {
                    "type": "minecraft:item",
                    "name": "minecraft:ancient_debris",
                    "weight": 10,
                    "functions": [
                        {
                            "function": "minecraft:set_count",
                            "count": 1,
                            "add": false
                        }
                    ]
                },
                {
                    "type": "minecraft:item",
                    "name": "minecraft:piglin_banner_pattern",
                    "weight": 7,
                    "functions": [
                        {
                            "function": "minecraft:set_count",
                            "count": 1,
                            "add": false
                        }
                    ]
                },
                {
                    "type": "minecraft:item",
                    "name": "minecraft:golden_carrot",
                    "weight": 12,
                    "functions": [
                        {
                            "function": "minecraft:set_count",
                            "count": {
                                "type": "minecraft:uniform",
                                "min": 3,
                                "max": 15
                            },
                            "add": false
                        }
                    ]
                },
                {
                    "type": "minecraft:item",
                    "name": "minecraft:golden_apple",
                    "weight": 12,
                    "functions": [
                        {
                            "function": "minecraft:set_count",
                            "count": {
                                "min": 1,
                                "max": 5
                            },
                            "add": false
                        }
                    ]
                },
                {
                    "type": "minecraft:item",
                    "name": "minecraft:wither_skeleton_skull",
                    "weight": 6,
                    "functions": [
                        {
                            "function": "minecraft:set_count",
                            "count": 1,
                            "add": false
                        }
                    ]
                },
                {
                    "type": "minecraft:item",
                    "name": "minecraft:fire_charge",
                    "weight": 10,
                    "functions": [
                        {
                            "function": "minecraft:set_count",
                            "count": {
                                "min": 5,
                                "max": 10
                            },
                            "add": false
                        }
                    ]
                },
                {
                    "type": "minecraft:item",
                    "name": "minecraft:netherite_upgrade_smithing_template",
                    "weight": 5
                }
            ]
        }
    ],
    "random_sequence": "hopo:chests/portal/piglin_ruin"
}