{
	"display": {
		"icon": {
			"id": "minecraft:netherrack",
			"count": 1
		},
		"title": {
			"translate": "Myth or Legend?"
		},
		"description": {
			"translate": "Come near and investigate what caused the corruption..."
		},
		"frame": "task",
		"show_toast": true,
		"announce_to_chat": true,
		"hidden": false
	},
	"parent": "minecraft:adventure/kill_a_mob",
	"criteria": {
		"locate_portal_ruined": {
			"trigger": "minecraft:location",
			"conditions": {
				"player": [
					{
						"condition": "minecraft:entity_properties",
						"entity": "this",
						"predicate": {
							"location": {
								"structures": "hopo:portal/overworld/portal_ruined"
							}
						}
					}
				]
			}
		}
	},
	"requirements": [
		[
			"locate_portal_ruined"
		]
	],
	"rewards": {
		"experience": 55
	}
}
