{
	"condition": "any_of",
	"terms": [
		{
			"condition": "location_check",
			"predicate": {
				"block": {
					"blocks": "#dummy_lib:redstone_source"
				}
			}
		},
		{
			"condition": "location_check",
			"predicate": {
				"block": {
					"blocks": "#dummy_lib:redstone_source"
				}
			},
			"offsetY": 1
		},
		{
			"condition": "location_check",
			"predicate": {
				"block": {
					"blocks": "#dummy_lib:redstone_source"
				}
			},
			"offsetY": -1
		},
		{
			"condition": "location_check",
			"predicate": {
				"block": {
					"blocks": [
						"redstone_wire"
					],
					"state": {
						"power": "15"
					}
				}
			}
		},
		{
			"condition": "location_check",
			"predicate": {
				"block": {
					"blocks": "redstone_wire",
					"state": {
						"power": "14"
					}
				}
			}
		},
		{
			"condition": "location_check",
			"predicate": {
				"block": {
					"blocks": "redstone_wire",
					"state": {
						"power": "13"
					}
				}
			}
		},
		{
			"condition": "location_check",
			"predicate": {
				"block": {
					"blocks": "redstone_wire",
					"state": {
						"power": "12"
					}
				}
			}
		},
		{
			"condition": "location_check",
			"predicate": {
				"block": {
					"blocks": "redstone_wire",
					"state": {
						"power": "11"
					}
				}
			}
		},
		{
			"condition": "location_check",
			"predicate": {
				"block": {
					"blocks": "redstone_wire",
					"state": {
						"power": "10"
					}
				}
			}
		},
		{
			"condition": "all_of",
			"terms": [
				{
					"condition": "location_check",
					"predicate": {
						"block": {
							"blocks": "#dummy_lib:transparent"
						}
					},
					"offsetY": -1
				},
				{
					"condition": "location_check",
					"predicate": {
						"block": {
							"blocks": "#dummy_lib:transparent"
						}
					},
					"offsetY": -2
				},
				{
					"condition": "location_check",
					"predicate": {
						"block": {
							"blocks": "#dummy_lib:transparent"
						}
					},
					"offsetY": -3
				}
			]
		},
		{
			"condition": "all_of",
			"terms": [
				{
					"condition": "inverted",
					"term": {
						"condition": "location_check",
						"predicate": {
							"block": {
								"blocks": "#dummy_lib:transparent"
							}
						}
					}
				},
				{
					"condition": "inverted",
					"term": {
						"condition": "location_check",
						"predicate": {
							"block": {
								"blocks": "#dummy_lib:transparent"
							}
						},
						"offsetY": 1
					}
				},
				{
					"condition": "inverted",
					"term": {
						"condition": "location_check",
						"predicate": {
							"block": {
								"blocks": "#dummy_lib:transparent"
							}
						},
						"offsetY": 2
					}
				}
			]
		}
	]
}