{
    "type": "advancement_reward",
    "pools": [
        {
            "entries": [
                {
                    "type": "item",
                    "name": "stick",
                    "functions": [
                        {
                            "function": "set_components",
                            "components": {
                                "item_name": { "translate": "item.lumenfuchs.cleanser", "fallback": "The Cleanser" },
                                "lore": [
                                    { "translate": "item.lumenfuchs.cleanser.lore", "fallback": "\"The banishment of all shadowy creatures.\"", "color": "gray", "italic": false }
                                ],
                                "rarity": "uncommon",
                                "enchantment_glint_override": true,
                                "custom_data": {
                                    "dummy_lib.items.dummy_remover": true
                                }
                            }
                        }
                    ],
                    "quality": 3,
                    "weight": 3
                },
                {
                    "type": "item",
                    "name": "wither_skeleton_spawn_egg",
                    "functions": [
                        {
                            "function": "set_components",
                            "components": {
                                "item_name": { "translate": "item.lumenfuchs.dummy_spawn_egg", "fallback": "Dummy Spawn Egg" },
                                "lore": [
                                    {  "translate": "item.lumenfuchs.dummy_spawn_egg.lore", "fallback": "A vile creature lies within.", "color": "gray", "italic": false }
                                ],
                                "rarity": "uncommon",
                                "enchantment_glint_override": true,
                                "entity_data": {
                                    "id": "marker",
                                    "Tags": [
                                        "lumenfuchs.dummy.vessel"
                                    ]
                                }
                            }
                        }
                    ],
                    "quality": 2,
                    "weight": 2
                },
                {
                    "type": "item",
                    "name": "endermite_spawn_egg",
                    "functions": [
                        {
                            "function": "set_components",
                            "components": {
                                "item_name": {  "translate": "item.lumenfuchs.seeker_spawn_egg", "fallback": "Seeker Spawn Egg" },
                                "lore": [
                                    {  "translate": "item.lumenfuchs.seeker_spawn_egg.lore", "fallback": "A pumpkin lies inside.", "color": "gray", "italic": false }
                                ],
                                "rarity": "rare",
                                "enchantment_glint_override": true,
                                "entity_data": {
                                    "id": "marker",
                                    "Tags": [
                                        "lumenfuchs.seeker.vessel"
                                    ]
                                }
                            }
                        }
                    ],
                    "quality": 1,
                    "weight": 5
                },
                {
                    "type": "tag",
                    "name": "lumenfuchs:dummy_material",
                    "expand": true,
                    "weight": 8
                },
                {
                    "type": "empty",
                    "quality": -1,
                    "weight": 10
                }
            ],
            "rolls": 1.0,
            "bonus_rolls": 1.0
        },
        {
            "entries": [
                {
                    "type": "item",
                    "name": "enchanted_book",
                    "functions": [
                        {
                            "function": "set_components",
                            "components": {
                                "stored_enchantments": {
                                    "vanishing_curse": 1
                                },
                                "consumable": {
                                    "animation": "bow",
                                    "consume_seconds": 2.4,
                                    "has_consume_particles": false,
                                    "on_consume_effects": [
                                        {
                                            "type": "play_sound",
                                            "sound": "ambient.cave"
                                        }
                                    ],
                                    "sound": "ambient.basalt_deltas.mood"
                                },
                                "custom_data": {
                                    "lumenfuchs.items.dummy_attack": true
                                },
                                "item_name": { "translate": "item.lumenfuchs.dummy_attack", "fallback": "Void Shard" },
                                "item_model": "echo_shard",
                                "lore": [
                                    { "translate": "item.lumenfuchs.dummy_attack.lore", "fallback": "\"A shard of the Dummy's grim power.\"", "italic": false, "color": "gray" }
                                ],
                                "max_stack_size": 16,
                                "rarity": "rare",
                                "use_cooldown": {
                                    "seconds": 0.8,
                                    "cooldown_group": "lumenfuchs:dummy.attack"
                                }
                            }
                        }
                    ],
                    "quality": 3,
                    "weight": 1
                },
                {
                    "type": "empty",
                    "quality": -1,
                    "weight": 3
                }
            ],
            "rolls": 1.0,
            "bonus_rolls": 0.0,
            "conditions": [
                {
                    "condition": "entity_properties",
                    "entity": "this",
                    "predicate": {
                        "nbt": "{ Tags: [ lumenfuchs.entity.dummy ] }"
                    }
                }
            ]
        }
    ],
    "random_sequence": "lumenfuchs:dummy_eg"
}