{
    "type": "block",
    "pools": [
        {
            "entries": [
                {
                    "type": "item",
                    "name": "vex_spawn_egg",
                    "functions": [
                        {
                            "function": "set_components",
                            "components": {
                                "item_model": "respawn_anchor",
                                "item_name": "{ \"translate\": \"item.lumenfuchs.dummy_altar\", \"fallback\": \"Dummy Altar\" }",
                                "rarity": "epic",
                                "lore": [
                                    "{ \"translate\": \"item.lumenfuchs.dummy_altar.lore\", \"fallback\": \"A powerful aura emanates from within.\", \"color\": \"gray\", \"italic\": false }"
                                ],
                                "enchantment_glint_override": true,
                                "entity_data": {
                                    "id": "marker",
                                    "Tags": [
                                        "lumenfuchs.dummy_altar.vessel"
                                    ]
                                }
                            }
                        }
                    ],
                    "quality": 1,
                    "weight": 1
                }
            ],
            "rolls": 1.0
        }
    ]
}