{
	"processors": [
		{
			"processor_type": "minecraft:rule",
			"rules": [
				{
					"location_predicate": {
						"predicate_type": "minecraft:always_true"
					},
					"input_predicate": {
						"predicate_type": "minecraft:random_block_match",
						"block": "minecraft:gravel",
						"probability": 0.3
					},
					"output_state": {
						"Name": "minecraft:suspicious_gravel",
						"Properties": {
							"dusted": "0"
						}
					},
					"block_entity_modifier": {
						"type": "minecraft:append_loot",
						"loot_table": "hopo:archaeology/ruins"
					}
				},
				{
					"location_predicate": {
						"predicate_type": "minecraft:always_true"
					},
					"input_predicate": {
						"predicate_type": "minecraft:random_block_match",
						"block": "minecraft:stone_bricks",
						"probability": 0.07
					},
					"output_state": {
						"Name": "minecraft:air"
					}
				},
				{
					"location_predicate": {
						"predicate_type": "minecraft:always_true"
					},
					"input_predicate": {
						"predicate_type": "minecraft:random_block_match",
						"block": "minecraft:stone_bricks",
						"probability": 0.2
					},
					"output_state": {
						"Name": "minecraft:cracked_stone_bricks"
					}
				},
				{
					"location_predicate": {
						"predicate_type": "minecraft:always_true"
					},
					"input_predicate": {
						"predicate_type": "minecraft:random_block_match",
						"block": "minecraft:polished_blackstone_bricks",
						"probability": 0.05
					},
					"output_state": {
						"Name": "minecraft:air"
					}
				},
				{
					"location_predicate": {
						"predicate_type": "minecraft:always_true"
					},
					"input_predicate": {
						"predicate_type": "minecraft:random_block_match",
						"block": "minecraft:polished_blackstone_bricks",
						"probability": 0.2
					},
					"output_state": {
						"Name": "minecraft:cracked_polished_blackstone_bricks"
					}
				},
				{
					"location_predicate": {
						"predicate_type": "minecraft:always_true"
					},
					"input_predicate": {
						"predicate_type": "minecraft:random_block_match",
						"block": "minecraft:polished_blackstone_bricks",
						"probability": 0.15
					},
					"output_state": {
						"Name": "minecraft:gilded_blackstone"
					}
				},
				{
					"location_predicate": {
						"predicate_type": "minecraft:always_true"
					},
					"input_predicate": {
						"predicate_type": "minecraft:random_block_match",
						"block": "minecraft:gilded_blackstone",
						"probability": 0.1
					},
					"output_state": {
						"Name": "minecraft:polished_blackstone_bricks"
					}
				},
				{
					"location_predicate": {
						"predicate_type": "minecraft:always_true"
					},
					"input_predicate": {
						"predicate_type": "minecraft:random_block_match",
						"block": "minecraft:polished_basalt",
						"probability": 0.2
					},
					"output_state": {
						"Name": "minecraft:basalt"
					}
				},
				{
					"location_predicate": {
						"predicate_type": "minecraft:always_true"
					},
					"input_predicate": {
						"predicate_type": "minecraft:random_block_match",
						"block": "minecraft:polished_basalt",
						"probability": 0.05
					},
					"output_state": {
						"Name": "minecraft:air"
					}
				},
				{
					"location_predicate": {
						"predicate_type": "minecraft:always_true"
					},
					"input_predicate": {
						"predicate_type": "minecraft:random_block_match",
						"block": "minecraft:stone_bricks",
						"probability": 0.2
					},
					"output_state": {
						"Name": "minecraft:polished_blackstone_bricks"
					}
				},
				{
					"location_predicate": {
						"predicate_type": "minecraft:always_true"
					},
					"input_predicate": {
						"predicate_type": "minecraft:random_block_match",
						"block": "minecraft:raw_gold_block",
						"probability": 0.7
					},
					"output_state": {
						"Name": "minecraft:gilded_blackstone"
					}
				}
			]
		}
	]
}
