{
    "criteria": {
        "interact_ingredient": {
            "trigger": "player_interacted_with_entity",
            "conditions": {
                "entity": {
                    "type": "interaction",
                    "nbt": "{ Tags: [ lumenfuchs.entity.dummy_altar ] }"
                },
                "player": {
                    "equipment": {
                        "mainhand": {
                            "items": [
                                "paper",
                                "quartz"
                            ]
                        }
                    }
                }
            }
        }
    },
    "rewards": {
        "function": "lumenfuchs:dummy_altar/triggers/get_purity"
    }
}