{
    "values": [
        "#all_signs",
        "#banners",
        "#cave_vines",
        "#crops",
        "#flower_pots",
        "#flowers",
        "#pressure_plates",
        "#rails",
        "#replaceable",
        "#wool_carpets",
        "#beds",
        "#buttons",
        "#ice",
        "#doors",
        "lever",
        "torch",
        "wall_torch",
        "soul_torch",
        "soul_wall_torch",
        "redstone_torch",
        "redstone_wire",
        "repeater",
        "comparator",
        "azalea",
        "moss_carpet",
        { "id": "pale_moss_carpet", "required": false },
        { "id": "pale_hanging_moss", "required": false },
        "tripwire",
        "tripwire_hook",
        "kelp",
        "kelp_plant"
    ]
}